Name,Signal,Length,Horizon,TrainingTime,Formula,Count,MAPE,SMAPE,MASE,L1,L2,R2
Yahoo_Stock_Price_BMA.BA,BMA.BA,1280,7,10.45,Lag1Trend+NoCycle+NoAR,7,0.0307,0.0301,3.0621,3.5214285714285722,4.151634789883551,-2.5644031315178837
Yahoo_Stock_Price_BPAT.BA,BPAT.BA,1274,7,10.69,Lag1Trend+NoCycle+NoAR,7,0.0747,0.0795,3.2688,3.214285714285713,4.096601378843547,-1.6016768172053433
Yahoo_Stock_Price_ERAR.BA,ERAR.BA,1279,7,10.76,Lag1Trend+NoCycle+NoAR,7,0.0776,0.081,4.2763,0.648571428571428,0.6783172456264731,-10.657497410465233
Yahoo_Stock_Price_FRAN.BA,FRAN.BA,1280,7,10.48,Lag1Trend+NoCycle+NoAR,7,0.0358,0.035,3.5578,3.7357142857142867,4.202592737142838,-3.7654387268889256
Yahoo_Stock_Price_GGAL.BA,GGAL.BA,1280,7,10.72,Lag1Trend+NoCycle+NoAR,7,0.0414,0.0403,3.8,1.8999999999999975,2.160357113336322,-3.4148648648052005
Yahoo_Stock_Price_PAMP.BA,PAMP.BA,1279,7,10.48,Lag1Trend+NoCycle+NoAR,7,0.0556,0.0541,3.6286,0.9071428571428564,0.9256272004893292,-24.290662639937526
Yahoo_Stock_Price_PETR3.SA,PETR3.SA,1286,7,10.34,Lag1Trend+NoCycle+NoAR,7,0.0067,0.0068,1.013,0.0928571428571429,0.10467637200984219,-0.9396676251525706
Yahoo_Stock_Price_TECO2.BA,TECO2.BA,1279,7,10.49,Lag1Trend+NoCycle+NoAR,7,0.013,0.0129,2.2286,0.7428571428571432,0.8246211251235326,-4.305732483485033
Yahoo_Stock_Price_TEN.MI,TEN.MI,1297,7,10.58,Lag1Trend+NoCycle+NoAR,7,0.0316,0.031,2.074,0.3871428571428583,0.42151088784446533,-5.392935816951825
