Name,Signal,Length,Horizon,TrainingTime,Formula,Count,MAPE,SMAPE,MASE,L1,L2,R2
Yahoo_Stock_Price_AAPL,AAPL,1251,7,9.86,Lag1Trend+NoCycle+NoAR,7,0.0152,0.0151,0.9326,1.5014289999999997,1.9808915806523326,-0.08734514833758178
Yahoo_Stock_Price_GOOG,GOOG,1251,7,10.07,Lag1Trend+NoCycle+NoAR,7,0.0083,0.0083,1.9857,6.1456912857142765,6.437305837794838,-10.293147396250527
