Name,Signal,Length,Horizon,TrainingTime,Formula,Count,MAPE,SMAPE,MASE,L1,L2,R2
Yahoo_Stock_Price_ABG.MC,ABG.MC,1298,7,30.53,Lag1Trend+NoCycle+NoAR,7,0.0391,0.04,1.3429,0.0201428571429,0.0243691842879,-0.33030077118
Yahoo_Stock_Price_AMP.MC,AMP.MC,1298,7,30.93,Lag1Trend+NoCycle+NoAR,7,0.0549,0.0577,1.2143,0.00485714285714,0.00645865974598,-1.00392019339
Yahoo_Stock_Price_BIO.MC,BIO.MC,1298,7,30.66,Lag1Trend+NoCycle+NoAR,7,0.0768,0.0802,4.4762,0.0335714285714,0.0354058106611,-8.90725694595
Yahoo_Stock_Price_IDR.MC,IDR.MC,1298,7,30.43,Lag1Trend+NoCycle+NoAR,7,0.0607,0.0627,6.4852,0.637714285714,0.656002831004,-17.1883348318
Yahoo_Stock_Price_JAZ.MC,JAZ.MC,1053,7,27.7,Lag1Trend+NoCycle+NoAR,7,0.0,0.0,0.0,0.0,0.0,1.0
Yahoo_Stock_Price_TEC.MC,TEC.MC,1298,7,30.95,Lag1Trend+NoCycle+NoAR,7,0.112,0.1195,3.6134,0.307142857143,0.327817457916,-7.18616400197
